name,tier,tdqs,purposeClarity,usageGuidelines,parameterSemantics,concisenessStructure,behavioralTransparency,contextualCompleteness,smells,summary
start_log_export,C,2.6,3,2,3,4,2,2,behavioral_transparency;contextual_completeness;usage_guidelines,"The description is concise but vague, providing minimal guidance and behavioral transparency for a mutation tool. It relies heavily on the schema for parameters but fails to compensate for missing annotations and output schema, resulting in significant contextual gaps."
add_workspace_member,C,2.9,4,2,3,5,2,2,behavioral_transparency;contextual_completeness;usage_guidelines,"The description is concise and clear in purpose but falls short in providing usage guidelines and behavioral transparency, especially critical since no annotations are present. It relies heavily on the well-documented input schema, resulting in an overall mediocre tool definition that could lead to misuse without additional context."
cancel_log_export,C,2.9,4,2,3,5,2,2,behavioral_transparency;contextual_completeness;usage_guidelines,"The description is concise and clear about the basic purpose but lacks critical guidance for proper usage and behavioral transparency. As a mutation tool with no annotations, it should provide more context about permissions, side effects, and expected outcomes. The parameter documentation is adequate due to complete schema coverage, but overall completeness is poor."
create_api_key,C,2.9,4,2,3,4,2,2,behavioral_transparency;contextual_completeness;usage_guidelines,"The description clearly states the tool's purpose but provides minimal guidance and behavioral transparency, especially concerning for a mutation tool with no annotations. While concise and benefiting from a well-documented schema, it fails to address critical contextual gaps, making it only marginally helpful for an AI agent."
create_config,C,2.9,4,2,3,5,2,2,behavioral_transparency;contextual_completeness;usage_guidelines,"The description is concise and clear about the tool's basic purpose but lacks essential guidance and behavioral context. With no annotations and multiple parameters, it fails to provide sufficient information for an agent to use this creation tool effectively, particularly regarding when to use it and what to expect from the operation."
create_guardrail,C,2.9,4,2,3,4,2,2,behavioral_transparency;contextual_completeness;usage_guidelines,"The description is clear and concise but lacks essential guidance for a creation tool. With no annotations and complex parameters, it fails to provide usage context, behavioral details, or completeness needed for effective agent invocation. Scores are mid-to-low, with purpose clarity being the strongest aspect."
create_log_export,C,2.9,4,2,3,5,2,2,behavioral_transparency;contextual_completeness;usage_guidelines,"The description is clear and concise about creating log export jobs but lacks crucial guidance on usage versus siblings and behavioral transparency for a mutation tool. While parameter documentation is handled by the schema, the overall context is insufficient for an agent to use this tool effectively without additional information."
create_prompt,C,2.9,4,2,3,5,2,2,behavioral_transparency;contextual_completeness;usage_guidelines,"The description is concise and clear on purpose but lacks usage guidance and behavioral transparency, especially critical given the absence of annotations. While parameter semantics are adequately covered by the schema, the overall context is incomplete for a complex creation tool, resulting in a mediocre but not contradictory definition."
create_prompt_partial,C,2.9,4,2,3,5,2,2,behavioral_transparency;contextual_completeness;usage_guidelines,"The description is clear and concise about creating prompt partials with mustache syntax, but lacks usage guidance and behavioral transparency, especially problematic given no annotations. It relies entirely on the schema for parameter documentation, making it minimally adequate but incomplete for a creation tool."
create_rate_limit,C,2.9,4,2,3,5,2,2,behavioral_transparency;contextual_completeness;usage_guidelines,"The description is concise and clear about the tool's purpose but lacks critical behavioral transparency and usage guidance, especially given the absence of annotations. It relies entirely on the schema for parameter documentation, making it minimally adequate but incomplete for safe and effective use."
create_virtual_key,C,2.9,4,2,3,4,2,2,behavioral_transparency;contextual_completeness;usage_guidelines,"The description clearly states the tool's purpose but lacks usage guidelines and behavioral transparency, especially critical given no annotations. It relies heavily on the schema for parameters but fails to provide sufficient context for a creation tool with many parameters."
create_workspace,C,2.9,4,2,3,5,2,2,behavioral_transparency;contextual_completeness;usage_guidelines,"The description is clear and concise but lacks essential guidance and behavioral details for a mutation tool. It relies heavily on the well-documented schema but fails to compensate for missing annotations and output schema, resulting in significant gaps for agent usage."
delete_integration_model,C,2.9,4,2,3,5,2,2,behavioral_transparency;contextual_completeness;usage_guidelines,"The description is concise and clear on purpose but lacks essential guidance and transparency for a deletion tool. With no annotations and incomplete contextual coverage, it risks misuse by not disclosing behavioral traits or usage context."
delete_user_invite,C,2.9,4,2,3,5,2,2,behavioral_transparency;contextual_completeness;usage_guidelines,"The description is concise and clear about the basic purpose but fails to provide necessary behavioral guidance for a destructive operation. With no annotations and no output schema, it leaves critical gaps in understanding when and how to use this tool safely."
get_cache_hit_latency,C,2.9,4,2,3,4,2,2,behavioral_transparency;contextual_completeness;usage_guidelines,"The description clearly states the tool's purpose but lacks usage guidance and behavioral transparency, especially critical given the complex parameter set and absence of annotations. It relies heavily on the well-documented schema but fails to provide necessary context for effective agent use."
get_cost_analytics,C,2.9,4,2,3,4,2,2,behavioral_transparency;contextual_completeness;usage_guidelines,"The description clearly states what the tool does but lacks crucial context for a complex analytics tool. It provides no usage guidance among sibling analytics tools, minimal behavioral transparency despite no annotations, and insufficient completeness given the parameter count and missing output schema. While concise, it doesn't adequately support an AI agent in selecting and invoking this tool effectively."
get_error_analytics,C,2.9,4,2,3,5,2,2,behavioral_transparency;contextual_completeness;usage_guidelines,"The description is concise and clearly states the tool's purpose but lacks critical contextual information. With no annotations and no output schema, it fails to provide usage guidance, behavioral transparency, or sufficient completeness for a complex analytics tool. The schema handles parameter documentation well, but the description doesn't add meaningful value beyond the basic purpose statement."
get_error_rate_analytics,C,2.9,4,2,3,5,2,2,behavioral_transparency;contextual_completeness;usage_guidelines,"The description is concise and clear on purpose but lacks essential guidance and behavioral context, especially given the tool's complexity and absence of annotations. It relies heavily on the well-documented schema for parameters but fails to compensate for missing output and usage details."
get_guardrail,C,2.9,4,2,3,4,2,3,behavioral_transparency;usage_guidelines,"This is a minimally adequate description that clearly states what the tool does but provides insufficient guidance on when to use it versus alternatives and lacks important behavioral context. The description is concise but doesn't compensate for the absence of annotations, leaving gaps in understanding how to properly invoke this tool."
get_integration,C,2.9,4,2,3,5,2,2,behavioral_transparency;contextual_completeness;usage_guidelines,"The description is clear and concise but lacks depth, especially in usage guidelines and behavioral transparency, making it minimally adequate for a simple retrieval tool. It relies heavily on the well-documented schema but fails to compensate for missing annotations and output details."
get_latency_analytics,C,2.9,4,2,3,4,2,3,behavioral_transparency;usage_guidelines,"The description clearly states the tool's purpose and is concise, but lacks usage guidelines and behavioral transparency, especially critical given the absence of annotations. It relies heavily on the well-documented schema for parameters, resulting in a middling overall quality with room for improvement in contextual guidance."
get_prompt_label,C,2.9,4,2,3,5,2,2,behavioral_transparency;contextual_completeness;usage_guidelines,"The description is concise and clear in purpose but lacks usage guidance and behavioral transparency, especially critical given no annotations. It relies heavily on the schema for parameters but fails to provide context needed for effective tool selection and invocation in a rich sibling environment."
get_prompt_partial,C,2.9,4,2,3,4,2,3,behavioral_transparency;usage_guidelines,"The description is clear and concise for a simple retrieval tool but lacks guidance on when to use it versus siblings and omits behavioral details needed since annotations are absent. It relies heavily on the well-documented schema for parameters, resulting in a mediocre overall quality with room for improvement in usage and transparency."
get_provider,C,2.9,4,2,3,5,2,2,behavioral_transparency;contextual_completeness;usage_guidelines,"The description is clear and concise about retrieving provider details by slug but lacks guidance on usage context and behavioral transparency. With no annotations and minimal description, it provides inadequate context for an agent to use this tool effectively beyond basic parameter passing."
get_request_analytics,C,2.9,4,2,3,5,2,2,behavioral_transparency;contextual_completeness;usage_guidelines,"The description is concise and clear on purpose but lacks essential guidance and behavioral transparency, especially given the tool's complexity and absence of annotations. It relies heavily on the schema for parameter details, resulting in a mediocre overall tool definition that may hinder agent effectiveness."
get_token_analytics,C,2.9,4,2,3,5,2,2,behavioral_transparency;contextual_completeness;usage_guidelines,"The description is concise and clear on purpose but lacks usage guidance and behavioral transparency, especially critical given the tool's complexity and absence of annotations. It relies heavily on the schema for parameters but fails to provide necessary context for effective agent decision-making."
get_usage_limit,C,2.9,4,2,3,5,2,2,behavioral_transparency;contextual_completeness;usage_guidelines,"The description is clear and concise but lacks depth for a tool with no annotations or output schema. It adequately states the purpose but fails to provide usage guidance, behavioral transparency, or contextual completeness needed for optimal agent understanding."
get_user,C,2.9,4,2,3,5,2,2,behavioral_transparency;contextual_completeness;usage_guidelines,"The description is clear and concise but lacks guidance on usage versus siblings and behavioral transparency, especially given no annotations. It relies heavily on the schema for parameters but fails to provide context needed for effective tool invocation in a real-world scenario."
get_user_invite,C,2.9,4,2,3,5,2,2,behavioral_transparency;contextual_completeness;usage_guidelines,"The description is clear and concise but lacks guidance and behavioral transparency, especially critical given no annotations. It relies heavily on the schema for parameters but fails to compensate for missing context on usage and output, resulting in a mediocre overall tool definition."
get_users_analytics,C,2.9,4,2,3,4,2,2,behavioral_transparency;contextual_completeness;usage_guidelines,"The description is clear and concise but lacks depth for a complex analytics tool with no annotations. It adequately states the purpose but fails to provide usage guidelines, behavioral transparency, or contextual completeness, leaving significant gaps for an AI agent to navigate the tool's 21 parameters and undefined output."
get_user_stats,C,2.9,4,2,3,5,2,2,behavioral_transparency;contextual_completeness;usage_guidelines,"The description is concise and clear about purpose but lacks essential guidance and behavioral context. With no annotations and multiple sibling analytics tools, it fails to provide adequate usage guidelines or transparency about how the tool behaves, making it difficult for an agent to use effectively."
get_workspace_member,C,2.9,4,2,3,5,2,2,behavioral_transparency;contextual_completeness;usage_guidelines,"The description is clear and concise but lacks critical contextual information. It adequately states the purpose but fails to provide usage guidelines, behavioral transparency, or differentiation from sibling tools, making it minimally viable but with significant gaps."
insert_log,C,2.9,4,2,3,5,2,2,behavioral_transparency;contextual_completeness;usage_guidelines,"The description is concise and clear on purpose but fails to provide adequate usage guidelines or behavioral transparency, especially critical given the tool's complexity and lack of annotations. It relies heavily on the well-documented schema for parameters but leaves other contextual gaps."
list_collections,C,2.9,4,2,3,4,2,3,behavioral_transparency;usage_guidelines,"The description provides clear basic purpose and is concise, but lacks usage guidance and behavioral transparency, especially given the absence of annotations. It adequately describes what the tool does but doesn't help an agent understand when to use it versus alternatives or how it behaves beyond the basic listing operation."
list_config_versions,C,2.9,4,2,3,5,2,2,behavioral_transparency;contextual_completeness;usage_guidelines,"The description is clear and concise but lacks usage guidance and behavioral transparency, especially critical given the absence of annotations. It relies heavily on the schema for parameters but fails to provide necessary context for effective tool selection and invocation."
list_integration_workspaces,C,2.9,4,2,3,5,2,2,behavioral_transparency;contextual_completeness;usage_guidelines,"The description is concise and clear about the tool's basic purpose but lacks important contextual information. With no annotations and no output schema, it fails to provide adequate behavioral transparency, usage guidance, or completeness for effective tool selection and invocation by an AI agent."
list_log_exports,C,2.9,4,2,3,5,2,2,behavioral_transparency;contextual_completeness;usage_guidelines,"This description is concise and clear about the basic purpose but lacks essential contextual information. It fails to provide usage guidance, behavioral transparency, or output details, making it inadequate for a tool with no annotation or output schema support. The high schema coverage saves the parameter semantics score, but overall it's a minimal description that leaves the agent with significant gaps in understanding."
list_partial_versions,C,2.9,4,2,3,5,2,2,behavioral_transparency;contextual_completeness;usage_guidelines,"The description is concise and clear on purpose but lacks usage guidelines and behavioral transparency, especially critical given no annotations. It relies heavily on the well-documented schema for parameters but fails to provide sufficient context for effective tool invocation in a production setting."
list_rate_limits,C,2.9,4,2,3,4,2,3,behavioral_transparency;usage_guidelines,"This is a minimally adequate description that clearly states what the tool does but provides little guidance on usage or behavioral details. It relies heavily on the well-documented schema for parameter information but leaves the agent to infer important operational context. Scores average around 3, indicating it meets basic requirements but has clear gaps."
list_traces,C,2.9,4,2,3,4,2,2,behavioral_transparency;contextual_completeness;usage_guidelines,"The description is clear and concise but lacks depth in usage guidelines and behavioral transparency, especially given the absence of annotations. It adequately states the purpose but fails to guide the agent on when to use it or disclose important operational details like pagination and authentication, resulting in a mediocre overall tool definition."
list_usage_limits,C,2.9,4,2,3,4,2,3,behavioral_transparency;usage_guidelines,"This description is clear about purpose but lacks usage guidance and behavioral transparency. It's concise and provides basic context about usage limits, but doesn't help an agent understand when to use it versus sibling tools or what to expect from the operation beyond the basic retrieval."
list_workspace_members,C,2.9,4,2,3,5,2,2,behavioral_transparency;contextual_completeness;usage_guidelines,"The description is concise and clear in purpose but lacks critical usage guidelines and behavioral transparency, especially given no annotations. It relies heavily on the schema for parameters but fails to provide necessary context for effective tool selection and invocation."
list_workspaces,C,2.9,4,2,3,5,2,2,behavioral_transparency;contextual_completeness;usage_guidelines,"The description is clear and concise but lacks depth in usage guidelines and behavioral transparency, especially given the absence of annotations. It adequately states the purpose but fails to provide necessary context for effective tool selection and invocation in a complex sibling tool environment."
remove_workspace_member,C,2.9,4,2,3,5,2,2,behavioral_transparency;contextual_completeness;usage_guidelines,"The description is clear and concise about the tool's basic purpose but lacks critical contextual guidance for a destructive operation. With no annotations and minimal behavioral disclosure, it leaves significant gaps in understanding when and how to use this tool safely and appropriately."
resend_user_invite,C,2.9,4,2,3,5,2,2,behavioral_transparency;contextual_completeness;usage_guidelines,"This description is concise and clear about the tool's basic purpose but lacks important usage guidance and behavioral context, especially given the absence of annotations. It relies entirely on the schema for parameter documentation and doesn't provide enough information for an agent to use the tool effectively in real-world scenarios."
update_api_key,C,2.9,4,2,3,5,2,2,behavioral_transparency;contextual_completeness;usage_guidelines,"The description is concise and clear about purpose but lacks usage guidelines and behavioral transparency, especially critical for a mutation tool with no annotations. It relies heavily on the well-documented schema for parameters but doesn't compensate for missing context about how the update operation works."
update_collection,C,2.9,4,2,3,5,2,2,behavioral_transparency;contextual_completeness;usage_guidelines,"The description is concise and clear about purpose but lacks essential guidance and behavioral context for a mutation tool. With no annotations and incomplete contextual coverage, it leaves the agent to guess about proper usage, prerequisites, and outcomes."
update_config,C,2.9,4,2,3,4,2,2,behavioral_transparency;contextual_completeness;usage_guidelines,"The description is clear about what the tool does but lacks essential guidance and behavioral transparency for a mutation tool. It relies heavily on the well-documented schema, resulting in a mediocre overall tool definition that would leave an agent guessing about when and how to use it effectively."
update_guardrail,C,2.9,4,2,3,5,2,2,behavioral_transparency;contextual_completeness;usage_guidelines,"The description is concise and clear on purpose but lacks usage guidelines and behavioral transparency, especially critical for a mutation tool with no annotations. It relies heavily on the well-documented schema, resulting in mediocre overall effectiveness for agent guidance."
update_integration,C,2.9,4,2,3,5,2,2,behavioral_transparency;contextual_completeness;usage_guidelines,"The description is clear and concise about updating integrations but lacks usage guidance and behavioral transparency, especially critical given no annotations. It relies heavily on the well-documented schema for parameters but doesn't compensate for missing context around mutation behavior and output."
update_integration_models,C,2.9,4,2,3,5,2,2,behavioral_transparency;contextual_completeness;usage_guidelines,"The description is clear and concise but lacks depth for a mutation tool. It effectively states the purpose but provides minimal usage guidance and behavioral transparency, with schema handling parameter documentation. Overall, it's adequate for basic understanding but insufficient for robust agent decision-making."
update_prompt,C,2.9,4,2,3,5,2,2,behavioral_transparency;contextual_completeness;usage_guidelines,"The description is concise and clear in purpose but lacks usage guidance and behavioral transparency, especially critical given the absence of annotations. While the schema covers parameters well, the overall context is insufficient for a complex mutation tool, resulting in a mediocre but not contradictory definition."
update_prompt_label,C,2.9,4,2,3,5,2,2,behavioral_transparency;contextual_completeness;usage_guidelines,"The description is concise and clear on purpose but lacks usage guidelines and behavioral transparency, making it inadequate for a mutation tool without annotations. It relies heavily on the schema for parameters but fails to provide necessary context for safe and effective use."
update_prompt_partial,C,2.9,4,2,3,5,2,2,behavioral_transparency;contextual_completeness;usage_guidelines,"The description is concise and clear about purpose but lacks critical guidance and behavioral transparency for a mutation tool. With no annotations and incomplete contextual coverage, it leaves the agent to guess about usage scenarios, permissions, and outcomes."
update_provider,C,2.9,4,2,3,5,2,2,behavioral_transparency;contextual_completeness;usage_guidelines,"The description is concise and clearly states what the tool does, but lacks critical guidance on when to use it and behavioral transparency. With no annotations and no output schema, it fails to provide sufficient context for a mutation tool with 10 parameters, leaving the agent to rely heavily on the parameter schema alone."
update_rate_limit,C,2.9,4,2,3,5,2,2,behavioral_transparency;contextual_completeness;usage_guidelines,"The description is concise and clear about the basic purpose but lacks critical context for usage guidelines and behavioral transparency, especially given the absence of annotations. It relies entirely on the well-documented schema for parameters but fails to compensate for missing annotation coverage, making it inadequate for safe agent operation."
update_usage_limit,C,2.9,4,2,3,5,2,2,behavioral_transparency;contextual_completeness;usage_guidelines,"The description is concise and clear about the basic purpose but lacks critical guidance and behavioral context, especially given the absence of annotations. It fails to differentiate from sibling tools or explain when/why to use this specific update operation, leaving significant gaps for an AI agent trying to use it correctly."
update_user,C,2.9,4,2,3,4,2,2,behavioral_transparency;contextual_completeness;usage_guidelines,"The description is clear and concise but lacks critical guidance and transparency for a mutation tool. It adequately states the purpose but fails to provide usage guidelines, behavioral details, or sufficient context, resulting in a mediocre overall quality with notable gaps."
update_virtual_key,C,2.9,4,2,3,5,2,2,behavioral_transparency;contextual_completeness;usage_guidelines,"The description is concise and clear on purpose but lacks critical guidance and transparency for a mutation tool. With no annotations, it fails to disclose behavioral traits, and usage guidelines are absent, making it risky for an AI agent to use correctly in context with many sibling tools."
update_workspace,C,2.9,4,2,3,4,2,2,behavioral_transparency;contextual_completeness;usage_guidelines,"The description clearly states the tool's purpose but lacks critical guidance and behavioral context, especially problematic for a mutation tool with no annotations. While concise and with good schema coverage, it fails to provide sufficient context for safe and effective use."
update_workspace_member,C,2.9,4,2,3,5,2,2,behavioral_transparency;contextual_completeness;usage_guidelines,"The description is concise and clear about the tool's basic purpose but lacks critical guidance and behavioral transparency for a mutation operation. With no annotations and incomplete contextual coverage, it leaves the AI agent under-informed about usage scenarios, permissions, and outcomes."
create_prompt_label,B,3.1,4,3,3,4,2,2,behavioral_transparency;contextual_completeness,"The description is clear and concise but lacks depth for a mutation tool with no annotations. It adequately states the purpose and hints at usage but fails to provide necessary behavioral context, resulting in a mediocre overall quality that leaves the agent under-informed."
create_usage_limit,B,3.1,4,2,3,5,2,3,behavioral_transparency;usage_guidelines,"The description is concise and clear on purpose but lacks usage guidelines and behavioral transparency, especially critical given the absence of annotations. It relies heavily on the well-documented schema for parameters but fails to provide context for when to use this tool or what happens after creation, making it only minimally viable for an AI agent."
download_log_export,B,3.1,4,2,3,5,2,3,behavioral_transparency;usage_guidelines,"The description is concise and clear in purpose but lacks usage guidelines and behavioral transparency, especially given the absence of annotations. It relies heavily on the schema for parameter details, resulting in a middling overall quality with room for improvement in contextual guidance."
get_collection,B,3.1,4,2,3,5,2,3,behavioral_transparency;usage_guidelines,"This is a minimally adequate description that clearly states the tool's purpose but lacks important contextual guidance. While concise and structurally sound, it fails to provide usage guidelines or behavioral transparency needed for optimal agent decision-making, especially given the absence of annotations."
get_config,B,3.1,4,2,3,5,2,3,behavioral_transparency;usage_guidelines,"This description excels in conciseness and purpose clarity but lacks usage guidance and behavioral transparency. With no annotations provided, the description fails to compensate for missing information about authentication, error handling, and response format. The parameter documentation is adequate only because the schema provides complete coverage."
get_log_export,B,3.1,4,2,3,5,2,3,behavioral_transparency;usage_guidelines,"The description is clear and concise but lacks depth, failing to provide usage guidance or behavioral transparency needed for optimal agent decision-making. It meets minimum viability for purpose and parameters but leaves gaps in context and completeness."
get_prompt,B,3.1,4,2,3,5,2,3,behavioral_transparency;usage_guidelines,"The description is clear and concise about retrieving prompt details but lacks usage guidance and behavioral transparency, especially critical given no annotations. It relies heavily on the well-documented schema for parameters but doesn't compensate for missing annotation context, resulting in a mediocre overall tool definition."
get_rate_limit,B,3.1,4,2,3,5,2,3,behavioral_transparency;usage_guidelines,This is a clear but minimal description that states the tool's purpose concisely but provides little guidance or behavioral context. It relies heavily on the well-documented schema and would benefit from usage guidelines and transparency about what 'detailed information' includes.
get_virtual_key,B,3.1,4,2,3,5,2,3,behavioral_transparency;usage_guidelines,This description is concise and clear about the tool's basic purpose but lacks guidance on when to use it versus alternatives and provides insufficient behavioral transparency given the absence of annotations. It meets minimum requirements for parameter documentation due to excellent schema coverage but could be more helpful for agent decision-making.
get_workspace,B,3.1,4,2,3,5,2,3,behavioral_transparency;usage_guidelines,"The description is clear and concise but lacks usage guidance and behavioral transparency, especially given the absence of annotations. It adequately defines the tool's purpose and benefits from high schema coverage for parameters, but overall it's a minimal viable description with room for improvement in contextual completeness."
list_integration_models,B,3.1,4,2,3,5,2,3,behavioral_transparency;usage_guidelines,"The description is clear and concise, effectively stating the tool's purpose and distinguishing it from some siblings. However, it lacks usage guidelines and sufficient behavioral transparency, especially given no annotations, leaving gaps in understanding when and how to use it. Parameter semantics rely entirely on the schema, and contextual completeness is minimal but acceptable."
list_prompt_versions,B,3.1,4,2,3,5,2,3,behavioral_transparency;usage_guidelines,"The description is clear and concise but lacks guidance on usage versus siblings and behavioral transparency, especially critical with no annotations. It's adequate for basic understanding but leaves the agent guessing about practical application and error cases."
publish_partial,B,3.1,4,2,3,5,2,3,behavioral_transparency;usage_guidelines,"The description is concise and clear on purpose but lacks usage guidelines and behavioral transparency, which is critical for a mutation tool without annotations. It relies heavily on the schema for parameter details, resulting in a mediocre overall quality with room for improvement in contextual guidance."
update_feedback,B,3.1,4,3,3,4,2,2,behavioral_transparency;contextual_completeness,"The description is clear and concise but lacks depth for a mutation tool. It adequately states the purpose and parameters but fails to provide necessary behavioral guidance, usage context, and completeness given the absence of annotations and output schema."
update_integration_workspaces,B,3.1,4,2,3,5,2,3,behavioral_transparency;usage_guidelines,"The description is clear and concise but lacks depth for a mutation tool. It effectively states the purpose but provides minimal guidance, behavioral transparency, or contextual completeness, relying heavily on the well-documented schema."
create_integration,B,3.2,5,2,3,5,2,2,behavioral_transparency;contextual_completeness;usage_guidelines,"The description excels in purpose clarity and conciseness but fails to provide adequate usage guidelines, behavioral transparency, and contextual completeness for a complex creation tool. While the schema provides excellent parameter documentation, the description doesn't compensate for the lack of annotations or output schema, leaving significant gaps in understanding when and how to use this tool effectively."
delete_provider,B,3.2,4,2,3,5,3,2,contextual_completeness;usage_guidelines,"The description is concise and clear about the basic action and its irreversible nature, but lacks crucial guidance for a destructive operation. It doesn't differentiate from other delete tools, provides no usage context, and leaves behavioral gaps despite carrying the full disclosure burden with no annotations."
get_api_key,B,3.2,5,2,3,5,2,2,behavioral_transparency;contextual_completeness;usage_guidelines,"The description excels in purpose clarity and conciseness but falls short in usage guidelines, behavioral transparency, and contextual completeness, especially given the lack of annotations and output schema. It's adequate for basic understanding but insufficient for safe and effective tool invocation by an AI agent."
get_cache_hit_rate,B,3.2,5,2,3,5,2,2,behavioral_transparency;contextual_completeness;usage_guidelines,"The description excels in purpose clarity and conciseness but fails to provide necessary usage guidelines and behavioral transparency, especially critical given the tool's complexity and lack of annotations. It relies heavily on the well-documented schema but leaves gaps in contextual completeness."
list_all_users,B,3.2,4,2,4,5,2,3,behavioral_transparency;usage_guidelines,"The description is clear and concise for a parameterless list tool, but lacks usage guidance and behavioral transparency, especially given the absence of annotations. It adequately states the purpose but doesn't help an agent understand when to use it versus siblings or how it behaves operationally."
list_api_keys,B,3.2,4,3,3,5,2,2,behavioral_transparency;contextual_completeness,"The description is concise and clear on purpose but lacks depth in behavioral transparency and contextual completeness, especially given the absence of annotations and output schema. It serves as a functional label but doesn't provide enough guidance for optimal agent usage in a production environment."
list_configs,B,3.2,4,2,4,5,2,3,behavioral_transparency;usage_guidelines,"The description is clear and concise for a zero-parameter list tool, but lacks usage guidance and behavioral transparency, especially critical given no annotations. It's adequate for basic understanding but insufficient for optimal agent decision-making."
list_guardrails,B,3.2,4,3,3,5,2,2,behavioral_transparency;contextual_completeness,"The description is concise and clear in purpose but lacks depth in behavioral transparency and contextual completeness, especially given the absence of annotations and output schema. It serves as a basic overview but doesn't provide sufficient guidance for robust tool invocation by an AI agent."
list_virtual_keys,B,3.2,4,2,4,5,2,3,behavioral_transparency;usage_guidelines,"The description is clear and concise for a zero-parameter list tool, effectively stating its purpose and scope. However, it lacks usage guidance and behavioral transparency, which are significant gaps given the absence of annotations. The tool is adequately described for basic understanding but insufficiently documented for optimal agent usage in complex scenarios."
promote_prompt,B,3.2,4,3,3,5,2,2,behavioral_transparency;contextual_completeness,"The description is concise and clear on purpose but lacks depth for a mutation tool. It provides minimal usage guidance and insufficient behavioral transparency, making it inadequate for safe agent operation without additional context from annotations or output schema."
validate_completion_metadata,B,3.2,4,3,3,5,2,2,behavioral_transparency;contextual_completeness,"The description is concise and clear on purpose but lacks sufficient behavioral transparency and contextual completeness, especially given the absence of annotations and output schema. It serves as a basic introduction but doesn't fully equip an agent to understand validation outcomes or usage nuances."
create_provider,B,3.3,5,2,3,5,2,3,behavioral_transparency;usage_guidelines,"The description excels in purpose clarity and conciseness but falls short in usage guidance and behavioral transparency, particularly problematic for a mutation tool without annotations. While the schema provides excellent parameter documentation, the description doesn't add sufficient context about when and how to use this tool effectively."
list_integrations,B,3.3,4,3,3,5,2,3,behavioral_transparency,"This description is clear and concise but lacks depth in behavioral transparency and contextual completeness, especially given the absence of annotations. It serves as a functional overview but doesn't fully equip an agent to use the tool effectively beyond basic filtering."
list_prompt_partials,B,3.3,4,3,3,5,2,3,behavioral_transparency,"The description is clear and concise, effectively stating the tool's purpose and parameter usage, but it lacks behavioral transparency and explicit usage guidelines, making it adequate for basic understanding but insufficient for optimal agent decision-making without additional context."
list_prompts,B,3.3,4,3,3,5,2,3,behavioral_transparency,"This description is clear and concise, effectively stating the tool's purpose and optional filtering. However, it lacks behavioral transparency and usage guidelines, especially given the absence of annotations, making it only moderately helpful for an AI agent to select and invoke the tool correctly in complex scenarios."
list_providers,B,3.3,4,3,3,5,2,3,behavioral_transparency,"The description is clear and concise but lacks depth in behavioral transparency and usage guidelines, especially given the absence of annotations. It adequately states the purpose and hints at parameter usage but doesn't compensate for missing structured information about authentication, output, or operational constraints."
invite_user,B,3.4,5,3,3,5,2,2,behavioral_transparency;contextual_completeness,"The description excels at conciseness and purpose clarity but fails to provide necessary behavioral context for a complex user invitation tool with no annotations. While it clearly states what the tool does, it offers minimal guidance on when to use it and lacks critical operational details about the invitation process."
migrate_prompt,B,3.4,4,4,3,5,2,2,behavioral_transparency;contextual_completeness,"The description is concise and provides clear purpose and usage context, but lacks essential behavioral details for a complex mutation tool with no annotations. It excels in structure but fails to adequately guide an agent on how this tool behaves beyond its basic conditional logic."
run_prompt_completion,B,3.4,4,4,3,5,2,2,behavioral_transparency;contextual_completeness,"The description is concise and clear on purpose and billing requirements but lacks depth in behavioral transparency and contextual completeness, especially given the absence of annotations and output schema. It serves as a minimal viable description but leaves gaps for a tool with significant complexity."
delete_config,A,3.5,5,2,3,5,3,3,usage_guidelines,"The description excels in purpose clarity and conciseness, clearly stating the irreversible deletion action. However, it lacks usage guidelines and provides only basic behavioral transparency, making it adequate but incomplete for safe tool invocation in a context with many sibling tools."
delete_rate_limit,A,3.5,4,2,3,5,4,3,usage_guidelines,"This description is concise and clear on purpose, with a critical behavioral warning, but lacks usage guidance and fuller context for a destructive operation. It scores moderately overall, with strengths in clarity and conciseness but weaknesses in guidelines and completeness."
list_audit_logs,A,3.5,4,3,3,5,3,3,,"The description is clear and concise, effectively stating the tool's purpose and filtering capabilities. However, it relies heavily on the well-documented schema for parameters and lacks behavioral transparency about pagination, authentication, and response handling that would be valuable given the absence of annotations."
list_prompt_labels,A,3.5,4,3,3,5,3,3,,"This description is clear and concise but lacks depth in behavioral transparency and usage guidelines. It adequately states the purpose and is efficiently written, but doesn't provide enough context about how to use the tool effectively or what to expect from its behavior, especially given the absence of annotations."
list_user_invites,A,3.6,5,3,4,5,2,2,behavioral_transparency;contextual_completeness,"The description excels in purpose clarity and conciseness but lacks sufficient behavioral transparency and contextual completeness, especially given the absence of annotations and output schema. It's a minimal viable description that tells what the tool does but not how it behaves or when to prefer it over alternatives."
delete_api_key,A,3.7,5,2,4,5,3,3,usage_guidelines,"This description excels in purpose clarity and conciseness but falls short on usage guidelines and behavioral transparency. It effectively warns of irreversibility but omits critical context for a destructive operation, making it adequate but incomplete for safe agent use."
delete_collection,A,3.7,5,2,3,5,4,3,usage_guidelines,"The description excels in purpose clarity and conciseness, with strong behavioral transparency given the lack of annotations. However, it lacks usage guidelines and doesn't fully compensate for missing contextual details, resulting in a mixed but above-average overall quality."
delete_prompt,A,3.7,5,2,3,5,4,3,usage_guidelines,"This description excels in purpose clarity and conciseness, with strong behavioral transparency for a destructive tool, but it lacks usage guidelines and relies heavily on the schema for parameter details. It is adequate for basic understanding but could better guide tool selection and error handling."
delete_prompt_partial,A,3.7,5,2,3,5,4,3,usage_guidelines,"The description excels in purpose clarity and conciseness, with a strong behavioral warning for a destructive tool, but lacks usage guidance and leaves contextual gaps. It relies heavily on the schema for parameter details, resulting in a mixed overall quality."
delete_usage_limit,A,3.7,5,2,3,5,4,3,usage_guidelines,"This description excels in purpose clarity and conciseness, clearly stating the irreversible deletion action. However, it lacks usage guidelines and falls short in behavioral transparency and contextual completeness for a destructive operation, relying heavily on the well-documented schema for parameters."
delete_workspace,A,3.7,5,2,4,5,3,3,usage_guidelines,"This description excels at purpose clarity and conciseness, clearly stating the destructive workspace deletion with an important irreversibility warning. However, it lacks usage guidance and behavioral context that would be crucial for safe operation of such a high-impact tool, particularly given the absence of annotations."
publish_prompt,A,3.7,5,4,3,5,2,3,behavioral_transparency,"The description excels in purpose clarity and conciseness, clearly explaining what the tool does and when to use it. However, it falls short in behavioral transparency and contextual completeness for a mutation tool with no annotations, leaving important operational details unspecified. Parameter semantics are adequately covered by the schema alone."
get_trace,A,3.8,5,3,3,5,3,4,,"This is a well-crafted description that excels at purpose clarity and conciseness, providing comprehensive information about return values. It adequately handles the single parameter through schema coverage, but could improve by adding usage guidance relative to sibling tools and more behavioral context given the absence of annotations."
create_collection,A,3.9,5,5,3,5,2,3,behavioral_transparency,"The description excels at purpose clarity and usage guidelines with specific app examples, but lacks behavioral transparency for a creation tool with no annotations. It's concise and well-structured, but incomplete regarding permissions, reversibility, and response format."
create_feedback,A,3.9,5,4,3,5,3,3,,"This description is strong on purpose clarity and conciseness, with clear usage context. However, it lacks behavioral transparency for a mutation tool with no annotations, and relies heavily on the schema for parameter details. It's a solid baseline but could benefit from more operational guidance."
delete_guardrail,A,3.9,5,3,3,5,4,3,,"The description is clear and concise, effectively stating the tool's purpose and warning of irreversibility, but lacks usage guidance and full behavioral context. It relies heavily on the schema for parameter documentation, resulting in a solid but not exceptional overall quality."
delete_integration,A,3.9,5,3,3,5,4,3,,"This description excels in purpose clarity and conciseness, clearly stating the tool's function and warning about irreversibility. However, it lacks explicit usage guidelines and could provide more behavioral context for a destructive operation, resulting in a mixed but generally adequate quality."
delete_user,A,3.9,5,3,3,5,4,3,,"This is a well-structured but minimally complete description for a high-risk tool. It clearly states the purpose and provides the critical warning about irreversibility, but lacks guidance on when to use it versus alternatives and doesn't fully address the behavioral implications of user deletion. The conciseness is excellent, but contextual completeness suffers given the tool's destructive nature."
render_prompt,A,3.9,5,4,3,5,3,3,,"The description excels in purpose clarity and conciseness, clearly differentiating this rendering tool from execution siblings. However, it lacks depth in behavioral transparency and contextual completeness, especially given the absence of annotations and output schema, leaving gaps in usage guidance and operational details."
delete_prompt_label,A,4,5,3,3,5,4,4,,"This is a strong description with clear purpose and concise structure, effectively warning of irreversible deletion. It lacks explicit usage guidelines and could provide more behavioral context, but overall it's helpful for tool selection."
delete_virtual_key,A,4,5,3,3,5,4,4,,"This description excels in purpose clarity and conciseness, effectively warning of irreversible deletion, but lacks explicit usage guidelines and could enhance behavioral transparency with more context. It adequately compensates for the absence of annotations, though parameter semantics rely heavily on the schema."
update_log_export,A,4.2,5,4,3,5,4,4,,"This is a well-crafted description that excels in purpose clarity and conciseness, providing valuable behavioral context despite the absence of annotations. It effectively guides usage with constraint details but could improve by explicitly naming alternatives and adding more mutation-specific details like error handling."
